{"ton_iot": [{"idsgan_fnn": {"accuracy": 1.0, "average_distance": 265.3260478409032, "query_stats": {"n_queries": 22791000, "malicious_queries": 1417150, "benign_queries": 21373850}}, "genaal_fnn": {"accuracy": -0.004405286343612369, "average_distance": 14.12918960463253, "query_stats": {"n_queries": 75, "malicious_queries": 67, "benign_queries": 8}}, "polytope_fnn": {"accuracy": 0.9041202384037316, "average_distance": 0.9476358289979718, "query_stats": {"n_queries": 57730, "malicious_queries": 3125, "benign_queries": 54605}}, "idsgan_snn": {"accuracy": -0.004405286343612369, "average_distance": 4.229300622567448, "query_stats": {"n_queries": 22791000, "malicious_queries": 16735768, "benign_queries": 6055232}}, "genaal_snn": {"accuracy": 0.5778699144856181, "average_distance": 2.339057135451412, "query_stats": {"n_queries": 75, "malicious_queries": 52, "benign_queries": 23}}, "polytope_snn": {"accuracy": 0.94998704327546, "average_distance": 1.253784281888472, "query_stats": {"n_queries": 51788, "malicious_queries": 3785, "benign_queries": 48003}}}, {"idsgan_fnn": {"accuracy": 1.0, "average_distance": 3.928054844517577, "query_stats": {"n_queries": 22791000, "malicious_queries": 1320115, "benign_queries": 21470885}}, "genaal_fnn": {"accuracy": 0.8004694835680751, "average_distance": 1.784260011063024, "query_stats": {"n_queries": 75, "malicious_queries": 51, "benign_queries": 24}}, "idsgan_snn": {"accuracy": -0.005491631799163121, "average_distance": 6.034773080816725, "query_stats": {"n_queries": 22791000, "malicious_queries": 17891825, "benign_queries": 4899175}}, "genaal_snn": {"accuracy": 0.0005230125523012497, "average_distance": 1.5476893090835953, "query_stats": {"n_queries": 75, "malicious_queries": 63, "benign_queries": 12}}}, {"idsgan_fnn": {"accuracy": -0.002344971339239166, "average_distance": 3.8621452834906846, "query_stats": {"n_queries": 22791000, "malicious_queries": 17532479, "benign_queries": 5258521}}, "genaal_fnn": {"accuracy": 0.07790515893694627, "average_distance": 6.195523948402709, "query_stats": {"n_queries": 75, "malicious_queries": 57, "benign_queries": 18}}, "idsgan_snn": {"accuracy": -0.004176455233620535, "average_distance": 7.359185876802535, "query_stats": {"n_queries": 22791000, "malicious_queries": 17925000, "benign_queries": 4866000}}, "genaal_snn": {"accuracy": 0.7588097102584181, "average_distance": 3.3751909573268857, "query_stats": {"n_queries": 75, "malicious_queries": 50, "benign_queries": 25}}}, {"idsgan_fnn": {"accuracy": 0.9997446373850868, "average_distance": 251.39339053435677, "query_stats": {"n_queries": 22791000, "malicious_queries": 1190702, "benign_queries": 21600298}}, "genaal_fnn": {"accuracy": 0.9264555669050051, "average_distance": 11.465496240602759, "query_stats": {"n_queries": 75, "malicious_queries": 32, "benign_queries": 43}}, "idsgan_snn": {"accuracy": -0.006917755572636519, "average_distance": 172.4119355493227, "query_stats": {"n_queries": 22791000, "malicious_queries": 17766726, "benign_queries": 5024274}}, "genaal_snn": {"accuracy": 0.12426338713809892, "average_distance": 8.893379995400611, "query_stats": {"n_queries": 75, "malicious_queries": 63, "benign_queries": 12}}}], "ton_iot_copy_1": [{"idsgan_fnn": {"accuracy": 1.0, "average_distance": 7.344903218708824, "query_stats": {"n_queries": 22791000, "malicious_queries": 671266, "benign_queries": 22119734}}, "genaal_fnn": {"accuracy": 0.2578043704474505, "average_distance": 2.694516024781785, "query_stats": {"n_queries": 75, "malicious_queries": 63, "benign_queries": 12}}, "polytope_fnn": {"accuracy": 0.7710718002081165, "average_distance": 0.9391756326500519, "query_stats": {"n_queries": 25260, "malicious_queries": 2082, "benign_queries": 23178}}, "idsgan_snn": {"accuracy": 0.769851601145535, "average_distance": 7.25370875975267, "query_stats": {"n_queries": 22791000, "malicious_queries": 3613462, "benign_queries": 19177538}}, "genaal_snn": {"accuracy": -0.004165581879718827, "average_distance": 67.10016462215606, "query_stats": {"n_queries": 75, "malicious_queries": 50, "benign_queries": 25}}, "polytope_snn": {"accuracy": 0.9971361624576933, "average_distance": 0.986313690807532, "query_stats": {"n_queries": 30353, "malicious_queries": 2308, "benign_queries": 28045}}}, {"idsgan_fnn": {"accuracy": -0.004153686396677125, "average_distance": 2.7769193084583685, "query_stats": {"n_queries": 22791000, "malicious_queries": 17996070, "benign_queries": 4794930}}, "genaal_fnn": {"accuracy": 0.2985462097611631, "average_distance": 2.338392485729395, "query_stats": {"n_queries": 75, "malicious_queries": 63, "benign_queries": 12}}, "idsgan_snn": {"accuracy": -0.008079228563982355, "average_distance": 3.9034931682317335, "query_stats": {"n_queries": 22791000, "malicious_queries": 17296788, "benign_queries": 5494212}}, "genaal_snn": {"accuracy": -0.008079228563982355, "average_distance": 103.13114399632725, "query_stats": {"n_queries": 75, "malicious_queries": 64, "benign_queries": 11}}}, {"idsgan_fnn": {"accuracy": 1.0, "average_distance": 7.61560444384, "query_stats": {"n_queries": 22791000, "malicious_queries": 655457, "benign_queries": 22135543}}, "genaal_fnn": {"accuracy": 0.13200207468879666, "average_distance": 1.4918446525249787, "query_stats": {"n_queries": 75, "malicious_queries": 58, "benign_queries": 17}}, "idsgan_snn": {"accuracy": 1.0, "average_distance": 10.30082335186767, "query_stats": {"n_queries": 22791000, "malicious_queries": 755015, "benign_queries": 22035985}}, "genaal_snn": {"accuracy": 0.37695109261186266, "average_distance": 2.5950359631779283, "query_stats": {"n_queries": 75, "malicious_queries": 50, "benign_queries": 25}}}, {"idsgan_fnn": {"accuracy": 1.0, "average_distance": 2.901166900745858, "query_stats": {"n_queries": 22791000, "malicious_queries": 970137, "benign_queries": 21820863}}, "genaal_fnn": {"accuracy": 0.8052014278429372, "average_distance": 3.982324056906326, "query_stats": {"n_queries": 75, "malicious_queries": 55, "benign_queries": 20}}, "idsgan_snn": {"accuracy": 1.0, "average_distance": 140.20170117416743, "query_stats": {"n_queries": 22791000, "malicious_queries": 625242, "benign_queries": 22165758}}, "genaal_snn": {"accuracy": 0.9976987982613142, "average_distance": 34.60681274026815, "query_stats": {"n_queries": 75, "malicious_queries": 45, "benign_queries": 30}}}], "ton_iot_copy_2": [{"idsgan_fnn": {"accuracy": -0.003640145605824152, "average_distance": 79.7940026980884, "query_stats": {"n_queries": 22791000, "malicious_queries": 14666217, "benign_queries": 8124783}}, "genaal_fnn": {"accuracy": 0.3367134685387415, "average_distance": 1.7111170124253985, "query_stats": {"n_queries": 75, "malicious_queries": 55, "benign_queries": 20}}, "polytope_fnn": {"accuracy": 0.9856994279771191, "average_distance": 0.8789251131102843, "query_stats": {"n_queries": 201254, "malicious_queries": 22793, "benign_queries": 178461}}, "idsgan_snn": {"accuracy": -0.004946628482166204, "average_distance": 3.99333647082376, "query_stats": {"n_queries": 22791000, "malicious_queries": 17961000, "benign_queries": 4830000}}, "genaal_snn": {"accuracy": -0.004946628482166204, "average_distance": 5.5931817622982765, "query_stats": {"n_queries": 75, "malicious_queries": 60, "benign_queries": 15}}, "polytope_snn": {"accuracy": 0.985941161155949, "average_distance": 0.6094310202133334, "query_stats": {"n_queries": 161611, "malicious_queries": 24371, "benign_queries": 137240}}}, {"idsgan_fnn": {"accuracy": 1.0, "average_distance": 130.77107084192494, "query_stats": {"n_queries": 22791000, "malicious_queries": 803693, "benign_queries": 21987307}}, "genaal_fnn": {"accuracy": 0.740866388308977, "average_distance": 2.341266911950084, "query_stats": {"n_queries": 75, "malicious_queries": 47, "benign_queries": 28}}, "idsgan_snn": {"accuracy": 1.0, "average_distance": 3.8751342312336683, "query_stats": {"n_queries": 22791000, "malicious_queries": 1847358, "benign_queries": 20943642}}, "genaal_snn": {"accuracy": 0.3636839351125065,